<?xml version="1.0" encoding="UTF-8"?>
<project-private xmlns="http://www.netbeans.org/ns/project-private/1">
    <editor-bookmarks xmlns="http://www.netbeans.org/ns/editor-bookmarks/2" lastBookmarkId="0"/>
    <open-files xmlns="http://www.netbeans.org/ns/projectui-open-files/2">
        <group>
            <file>file:/E:/Universidad/Desarrollo%20Web/Taller1DesarrolloWeb/src/model/Libro.java</file>
            <file>file:/E:/Universidad/Desarrollo%20Web/Taller1DesarrolloWeb/src/control/ControlTienda.java</file>
            <file>file:/E:/Universidad/Desarrollo%20Web/Taller1DesarrolloWeb/src/view/Main.java</file>
            <file>file:/E:/Universidad/Desarrollo%20Web/Taller1DesarrolloWeb/src/model/Autor.java</file>
        </group>
    </open-files>
</project-private>
